period_ratio,near_32,near_21,near_43,near_golden
1.6026490066225165,False,False,False,True
1.6735537190082643,False,False,False,False
1.5061728395061729,True,False,False,False
1.5098360655737708,True,False,False,False
1.3409337676438653,False,False,True,False
1.519838056680162,True,False,False,False
1.2428571428571427,False,False,False,False
6.862068965517242,False,False,False,False
1.5393634840871022,False,False,False,False
1.3590859630032643,False,False,False,False
1.686148919135308,False,False,False,False
1.5745489078822414,False,False,False,False
0.04342581423401689,False,False,False,False
4.88135593220339,False,False,False,False
2.8402777777777777,False,False,False,False
3.037897310513448,False,False,False,False
2.4547283702213276,False,False,False,False
4.918032786885246,False,False,False,False
1.350354609929078,False,False,True,False
1.5388655462184875,False,False,False,False
1.36518771331058,False,False,False,False
1.376,False,False,False,False
1.5148936170212766,True,False,False,False
1.5168539325842698,True,False,False,False
1.5296296296296295,False,False,False,False
1.5447941888619854,False,False,False,False
2.0062695924764893,False,True,False,False
1.6963350785340316,False,False,False,False
2.024691358024691,False,False,False,False
1.5182926829268295,True,False,False,False
1.5291164658634537,False,False,False,False
1.3598161523309258,False,False,False,False
2.0265780730897007,False,False,False,False
2.037704918032787,False,False,False,False
1.1739130434782608,False,False,False,False
2.2325581395348837,False,False,False,False
2.135416666666667,False,False,False,False
2.526829268292683,False,False,False,False
6.17953667953668,False,False,False,False
1.262135922330097,False,False,False,False
1.7461538461538462,False,False,False,False
1.4096916299559472,False,False,False,False
1.459375,False,False,False,False
2.5353319057815846,False,False,False,False
1.1054748689611142,False,False,False,False
1.447749019746128,False,False,False,False
10.959681441453954,False,False,False,False
1.9572075868784753,False,False,False,False
2.0189487964209327,False,True,False,False
1.9608065975224047,False,False,False,False
20.181038870386825,False,False,False,False
2.238590991910942,False,False,False,False
1.178553430838763,False,False,False,False
1.1859064842631462,False,False,False,False
2.0985156457767493,False,False,False,False
9.831289098268535,False,False,False,False
1.5176686795594332,True,False,False,False
16.077911901795577,False,False,False,False
17.239618578469443,False,False,False,False
2.4249637439104013,False,False,False,False
2.544882810189277,False,False,False,False
1.5898430960883636,False,False,False,False
1.727070529018421,False,False,False,False
3.969000408560813,False,False,False,False
5.506794865597437,False,False,False,False
1.517932607674219,True,False,False,False
4.810598866257177,False,False,False,False
4.214526972059504,False,False,False,False
1.9836529168975434,False,True,False,False
35.4761991676154,False,False,False,False
1.4818602554919025,True,False,False,False
2.1258014380628234,False,False,False,False
5.316356590103902,False,False,False,False
1.043259311388564,False,False,False,False
1.3368646158244213,False,False,True,False
7.866284793792511,False,False,False,False
1.9384703869330542,False,False,False,False
3.2431155351545105,False,False,False,False
2.0085602568197887,False,True,False,False
7.794489393786264,False,False,False,False
1.5121096626169535,True,False,False,False
1.5028060623750787,True,False,False,False
3.921619537400685,False,False,False,False
7.362784568614614,False,False,False,False
3.6571213715343935,False,False,False,False
1.0620449701039603,False,False,False,False
4.602117583945686,False,False,False,False
24.876651478268165,False,False,False,False
1.2158038968452818,False,False,False,False
1.2837447497415042,False,False,False,False
1.0813238152076055,False,False,False,False
1.8462774978759324,False,False,False,False
1.1532296495018954,False,False,False,False
1.9763257735756525,False,False,False,False
8.24165809738249,False,False,False,False
1.587082335749958,False,False,False,False
2.9163077891655154,False,False,False,False
1.7762714656215555,False,False,False,False
1.0331947162185493,False,False,False,False
1.4389700934421066,False,False,False,False
2.115896517479614,False,False,False,False
4.217281390494683,False,False,False,False
1.5034636185170236,True,False,False,False
3.007759821638986,False,False,False,False
1.8241638842706396,False,False,False,False
3.3527839562588753,False,False,False,False
8.066898953119226,False,False,False,False
1.35523407536766,False,False,False,False
1.1062848559238163,False,False,False,False
3.89865497010159,False,False,False,False
1.8530291741194702,False,False,False,False
1.4699846321358565,False,False,False,False
13.60522922671767,False,False,False,False
5.703958202046264,False,False,False,False
1.8803065981452134,False,False,False,False
3.417240827374346,False,False,False,False
1.5100997455796092,True,False,False,False
31.629167341318233,False,False,False,False
2.681506306033479,False,False,False,False
1.8187576043966929,False,False,False,False
2.687257062610767,False,False,False,False
2.4303347270939035,False,False,False,False
1.4890149418527139,True,False,False,False
1.51049218001261,True,False,False,False
2.0518391493795045,False,False,False,False
1.4902713446789528,True,False,False,False
1.200244977893675,False,False,False,False
1.6377701233101667,False,False,False,True
2.450528741419684,False,False,False,False
1.4840117822105088,True,False,False,False
1.1043394089435161,False,False,False,False
2.7362305983506605,False,False,False,False
1.1457812616756233,False,False,False,False
1.5169920419404206,True,False,False,False
1.2825011042695091,False,False,False,False
1.4881685722232834,True,False,False,False
2.088389054584392,False,False,False,False
2.5978088070927177,False,False,False,False
1.4984693587729692,True,False,False,False
173.56599297717534,False,False,False,False
2.265412660351389,False,False,False,False
1.351989455547911,False,False,True,False
1.5125669101852857,True,False,False,False
2.2097640327271866,False,False,False,False
2.028417860046456,False,False,False,False
15.480501117121035,False,False,False,False
2.0006920858504493,False,True,False,False
2.108709555150274,False,False,False,False
1.6930239094185089,False,False,False,False
1.1711031301181136,False,False,False,False
59.498420635640805,False,False,False,False
3.325668046940766,False,False,False,False
6.617146728662496,False,False,False,False
2.1480529176787186,False,False,False,False
1.9708592046935536,False,False,False,False
1.5119818665165827,True,False,False,False
2.423883502621939,False,False,False,False
3.538383305577136,False,False,False,False
1.9575220855138038,False,False,False,False
1.7837534576703893,False,False,False,False
1.0964388743410693,False,False,False,False
6.245202367255074,False,False,False,False
2.2825846059368766,False,False,False,False
4.337180242481728,False,False,False,False
1.4225539718996694,False,False,False,False
1.0233118752207337,False,False,False,False
1.9432455757280291,False,False,False,False
1.0852391890612099,False,False,False,False
1.0803944072819387,False,False,False,False
8.890586840785,False,False,False,False
1.510288776681175,True,False,False,False
25.767588000182897,False,False,False,False
10.32947024425661,False,False,False,False
1.1787034210815477,False,False,False,False
8.991150832352483,False,False,False,False
3.0047549274247443,False,False,False,False
12.060728084900871,False,False,False,False
1.6160749294357495,False,False,False,True
4.3060570120503865,False,False,False,False
3.2100292591932993,False,False,False,False
17.46266762340575,False,False,False,False
1.5959203025566095,False,False,False,False
1.9978593928009087,False,True,False,False
1.8292943034828824,False,False,False,False
5.179299180135377,False,False,False,False
1.4890544032732496,True,False,False,False
1.540662797756586,False,False,False,False
2.0193724631260883,False,True,False,False
13.572171557471405,False,False,False,False
11.303021190289497,False,False,False,False
1.4940378946129407,True,False,False,False
1.4927715432114605,True,False,False,False
19.19308138220932,False,False,False,False
1.9952301326523187,False,True,False,False
16.669182242170088,False,False,False,False
1.3895255998986693,False,False,False,False
3.7472795093448705,False,False,False,False
2.9516392203753874,False,False,False,False
2.3701902620508575,False,False,False,False
1.3962927277555293,False,False,False,False
1.405660719088042,False,False,False,False
8.771580300907294,False,False,False,False
1.5052181286766335,True,False,False,False
10.599051335130634,False,False,False,False
1.1783063411366634,False,False,False,False
1.5152569458159624,True,False,False,False
2.28747806204879,False,False,False,False
1.3526909442150692,False,False,True,False
1.2338076697352114,False,False,False,False
4.195217302433514,False,False,False,False
5.163527145232517,False,False,False,False
2.065220692670815,False,False,False,False
2.302758808832769,False,False,False,False
4.236125005896811,False,False,False,False
1.4004204623035903,False,False,False,False
1.9328154936045465,False,False,False,False
6.427048925962729,False,False,False,False
1.509579596514928,True,False,False,False
7.193597126279943,False,False,False,False
1.386988218670234,False,False,False,False
1.9905282243804578,False,True,False,False
11.34188484842093,False,False,False,False
2.017356980733264,False,True,False,False
44.24652015347725,False,False,False,False
3.3099998715564514,False,False,False,False
1.7366470464029884,False,False,False,False
1.4963306169280708,True,False,False,False
18.168698876445138,False,False,False,False
1.48834398797174,True,False,False,False
4.972919060216554,False,False,False,False
2.6769520169108576,False,False,False,False
2.016463411679238,False,True,False,False
5.797856114743056,False,False,False,False
1.2921271085822807,False,False,False,False
1.15482470197746,False,False,False,False
1.7220495398565048,False,False,False,False
2.0021970589390947,False,True,False,False
88.78658416151012,False,False,False,False
1.9696096112622286,False,False,False,False
24.169381958900647,False,False,False,False
17.283805038068742,False,False,False,False
5.8148999520578295,False,False,False,False
23.34836495785477,False,False,False,False
38.207544617590855,False,False,False,False
1.0104763425151082,False,False,False,False
3.3015742924449065,False,False,False,False
1.0930020444150899,False,False,False,False
1.2329260105297066,False,False,False,False
17.59373512080623,False,False,False,False
5.498391384787059,False,False,False,False
1.5288402921071278,False,False,False,False
1.466604416558632,False,False,False,False
1.0168915213950835,False,False,False,False
49.04559740846819,False,False,False,False
8.049569157983084,False,False,False,False
1.7981520840959369,False,False,False,False
1.3143631239941185,False,False,True,False
1.067087957203476,False,False,False,False
1.4988610875255786,True,False,False,False
5.860766947331908,False,False,False,False
1.091027806655616,False,False,False,False
1.9820240018351507,False,True,False,False
1.9713127006568234,False,False,False,False
2.78034151047823,False,False,False,False
2.1073427841366934,False,False,False,False
30.536685979373008,False,False,False,False
65.99461968628025,False,False,False,False
1.0127800670646223,False,False,False,False
15.255167862374556,False,False,False,False
3.0138731226083726,False,False,False,False
3.073461969198049,False,False,False,False
2.371003711587139,False,False,False,False
1.525690660678678,False,False,False,False
3.12769440031407,False,False,False,False
7.926656884834477,False,False,False,False
5.436694714946735,False,False,False,False
2.1529840031159218,False,False,False,False
1.4783788691918347,False,False,False,False
59.8343931644873,False,False,False,False
1.5408479284542815,False,False,False,False
5.089125135027286,False,False,False,False
2.0397383775231277,False,False,False,False
1.9326411150967857,False,False,False,False
2.7015214590885366,False,False,False,False
1.4986926428407965,True,False,False,False
2.498091302494391,False,False,False,False
1.0504393558561935,False,False,False,False
1.4664866318074117,False,False,False,False
1.469575102508227,False,False,False,False
160.56410169930476,False,False,False,False
1.461326433977849,False,False,False,False
5.978278064144781,False,False,False,False
8.644819474647889,False,False,False,False
1.2471857140158775,False,False,False,False
1.549106002798218,False,False,False,False
1.550033964257209,False,False,False,False
2.958913006281598,False,False,False,False
1.4698155555245491,False,False,False,False
2.216141167282501,False,False,False,False
1.5756577490425014,False,False,False,False
3.573000430339813,False,False,False,False
1.8361190966231673,False,False,False,False
1.2147958083367925,False,False,False,False
4.866558932082448,False,False,False,False
1.4925935326280542,True,False,False,False
1.6063556536683512,False,False,False,True
4.088433013943201,False,False,False,False
2.66708274405073,False,False,False,False
1.5017991229625358,True,False,False,False
10.161433044058246,False,False,False,False
4.168678484555115,False,False,False,False
1.515038052360654,True,False,False,False
2.090706271193294,False,False,False,False
2.1061291366366026,False,False,False,False
16.679908308199284,False,False,False,False
69.96136177565826,False,False,False,False
1.975501298996221,False,False,False,False
1.1035838947285228,False,False,False,False
4.0197327542102155,False,False,False,False
2.8765533434550465,False,False,False,False
1.4015217973444,False,False,False,False
7.486224646734856,False,False,False,False
36.566740671516214,False,False,False,False
1.1197838310923671,False,False,False,False
1.9948637938316192,False,True,False,False
19.909868024777484,False,False,False,False
1.4851833518406459,True,False,False,False
1.4900826764398543,True,False,False,False
2.257223638885938,False,False,False,False
87.86691046471293,False,False,False,False
1.9867858550348572,False,True,False,False
6.065062015364308,False,False,False,False
1.2803564574167905,False,False,False,False
7.72498017088436,False,False,False,False
1.5359537305369904,False,False,False,False
1.5184926736582554,True,False,False,False
1.7307040148764528,False,False,False,False
4.50010976459072,False,False,False,False
2.4697092144916963,False,False,False,False
7.896128797272268,False,False,False,False
2.0233207895166503,False,False,False,False
1.7863798093033598,False,False,False,False
4.869601163903277,False,False,False,False
1.071330146150857,False,False,False,False
3.421246459689902,False,False,False,False
4.396301728726647,False,False,False,False
3.1465068465945842,False,False,False,False
6.286844169228172,False,False,False,False
1.1934019082669205,False,False,False,False
4.927886045877253,False,False,False,False
1.505213475316478,True,False,False,False
3.8878329231454285,False,False,False,False
3.8732008738711983,False,False,False,False
105.98403678999092,False,False,False,False
10.591473214267744,False,False,False,False
7.4205119725215525,False,False,False,False
3.2344202816237826,False,False,False,False
13.300698437097912,False,False,False,False
10.70251571314585,False,False,False,False
13.077627073822066,False,False,False,False
2.2011065210117704,False,False,False,False
3.2214200451349164,False,False,False,False
1.5101085429324963,True,False,False,False
1.1467016256073466,False,False,False,False
3.4954861233353904,False,False,False,False
3.7839447657037923,False,False,False,False
2.9168703301048162,False,False,False,False
4.696343985554004,False,False,False,False
2.2889143238910186,False,False,False,False
1.2888976616199683,False,False,False,False
3.5299918087388598,False,False,False,False
3.3948124010810337,False,False,False,False
2.7164226964570974,False,False,False,False
33.43549363139679,False,False,False,False
1.3670088432565621,False,False,False,False
1.563404155329347,False,False,False,False
58.4281467217565,False,False,False,False
2.259678246166142,False,False,False,False
6.401491214038437,False,False,False,False
1.5392155328534471,False,False,False,False
1.4924935818475251,True,False,False,False
3.5917902692198047,False,False,False,False
5.715204775864327,False,False,False,False
1.9903590641034357,False,True,False,False
8.907727140573005,False,False,False,False
3.777870226601248,False,False,False,False
2.3458181319566216,False,False,False,False
2.951583446750077,False,False,False,False
2.7932762277889274,False,False,False,False
2.169173918797918,False,False,False,False
2.977306577050267,False,False,False,False
1.3382216052287619,False,False,True,False
1.9555195034233386,False,False,False,False
2.042902982555468,False,False,False,False
1.9839265086406055,False,True,False,False
1.7247506131068921,False,False,False,False
12.332778909677703,False,False,False,False
1.5112669092501005,True,False,False,False
21.186579200446335,False,False,False,False
11.084820186555165,False,False,False,False
1.9875636339898723,False,True,False,False
5.583934485702299,False,False,False,False
2.0138881263789075,False,True,False,False
3.181133086438686,False,False,False,False
1.526224204607848,False,False,False,False
21.383328878116835,False,False,False,False
2.3819264652307814,False,False,False,False
2.0116479191996812,False,True,False,False
2.4633159509028473,False,False,False,False
1.2913743378248002,False,False,False,False
2.4668543912092273,False,False,False,False
89.15688987219896,False,False,False,False
19.97381902545915,False,False,False,False
1.4419881210440366,False,False,False,False
1.039229047936391,False,False,False,False
1.1722506324622473,False,False,False,False
6.184270786348323,False,False,False,False
1.1042682150604823,False,False,False,False
1.8689715601818608,False,False,False,False
1.4948873417998065,True,False,False,False
2.405025902854803,False,False,False,False
21.684247864150482,False,False,False,False
1.4953859917360903,True,False,False,False
22.86955305576971,False,False,False,False
1.5187451617912788,True,False,False,False
6.393290568788265,False,False,False,False
1.2318197958045796,False,False,False,False
1.0340005607932397,False,False,False,False
3.061977499067106,False,False,False,False
1.3666392094353905,False,False,False,False
1.491296868042905,True,False,False,False
5.799132170123021,False,False,False,False
13.351449709595592,False,False,False,False
38.70704051808686,False,False,False,False
1.9000602230421269,False,False,False,False
1.9286019971223098,False,False,False,False
2.5633629683326076,False,False,False,False
1.2452429221398686,False,False,False,False
2.0091994428587823,False,True,False,False
1.2006424253904802,False,False,False,False
1.983950145335767,False,True,False,False
1.6466943847815654,False,False,False,False
1.4068900694903383,False,False,False,False
1.2257990368425,False,False,False,False
42.6480100322128,False,False,False,False
1.4635170498586656,False,False,False,False
1.6782438427312263,False,False,False,False
5.252926299178397,False,False,False,False
265.55696713077805,False,False,False,False
1.5163147442507858,True,False,False,False
5.473805839144056,False,False,False,False
1.0153783488977617,False,False,False,False
1.4915160195594377,True,False,False,False
1.4079140214095687,False,False,False,False
1.3742750027310922,False,False,False,False
1.1445576105083957,False,False,False,False
1.5259269192785783,False,False,False,False
1.7680147920955311,False,False,False,False
1.1373109835129749,False,False,False,False
3.6202751228464587,False,False,False,False
1.5189038745402719,True,False,False,False
1.3960659780642384,False,False,False,False
4.110591793236797,False,False,False,False
13.193466493799745,False,False,False,False
9.959065978086686,False,False,False,False
5.770949953475603,False,False,False,False
2.037226311944728,False,False,False,False
132.49092402090437,False,False,False,False
2.0295506016211053,False,False,False,False
1.3062082755789879,False,False,False,False
2.9872851850803688,False,False,False,False
1.5936898212640493,False,False,False,False
5.346044745230497,False,False,False,False
4.897615752804211,False,False,False,False
2.0143598061983234,False,True,False,False
128.03293469543863,False,False,False,False
1.0966034995316385,False,False,False,False
1.6550207012241436,False,False,False,False
5.431990673100291,False,False,False,False
7.879286751000063,False,False,False,False
9.058818399078008,False,False,False,False
3.6882493739437825,False,False,False,False
17.153207065016215,False,False,False,False
1.978093967698603,False,False,False,False
209.0513391423138,False,False,False,False
1.3331484172930181,False,False,True,False
25.708366185845694,False,False,False,False
1.615836382206853,False,False,False,True
1.2301549873419648,False,False,False,False
1.222241038834213,False,False,False,False
5.51134046605097,False,False,False,False
4.44733291565851,False,False,False,False
2.023005810618323,False,False,False,False
1.0343367430885693,False,False,False,False
2.78789128207947,False,False,False,False
1.2319655515211927,False,False,False,False
1.5316557450824417,False,False,False,False
7.286582028636495,False,False,False,False
1.483253618413372,True,False,False,False
1.9574004624883412,False,False,False,False
1.2112085484871542,False,False,False,False
1.8447763917421842,False,False,False,False
22.419650726335348,False,False,False,False
4.419536628552495,False,False,False,False
1.383334924172766,False,False,False,False
2.698384900410914,False,False,False,False
1.1319837630059724,False,False,False,False
4.800567399774761,False,False,False,False
2.4739914606084445,False,False,False,False
1.0531555206605343,False,False,False,False
2.0096754548190368,False,True,False,False
1.2039318453321264,False,False,False,False
16.84647041327588,False,False,False,False
1.8162639863588403,False,False,False,False
1.7321279884463168,False,False,False,False
3.32198127827403,False,False,False,False
1.4886943044720184,True,False,False,False
1.4775723872385045,False,False,False,False
3.0042552742785786,False,False,False,False
1.1920439998201857,False,False,False,False
1.5317365605745588,False,False,False,False
4.393082282665763,False,False,False,False
1.4881126725530758,True,False,False,False
3.9228107838023165,False,False,False,False
1.502816568530555,True,False,False,False
2.188960017418581,False,False,False,False
2.3067380223413276,False,False,False,False
1.2900296097721564,False,False,False,False
1.510817384449627,True,False,False,False
4.330660113111021,False,False,False,False
1.5136187536911523,True,False,False,False
4.2541590166823555,False,False,False,False
1.9801920781679012,False,True,False,False
1.4781363817882913,False,False,False,False
1.2850843308985787,False,False,False,False
2.0547206628582937,False,False,False,False
3.721530162237672,False,False,False,False
4.611956853068826,False,False,False,False
1.5053031105459778,True,False,False,False
4.31711155201149,False,False,False,False
3.214179147437228,False,False,False,False
1.2653013103108741,False,False,False,False
1.7501460157646431,False,False,False,False
2.132747802247828,False,False,False,False
47.61266553403811,False,False,False,False
2.0541636374271746,False,False,False,False
1.6579985228504879,False,False,False,False
1.9914139555096548,False,True,False,False
1.4382699357572974,False,False,False,False
1.5001373650987808,True,False,False,False
1.6030659510751795,False,False,False,True
1.4936189212866677,True,False,False,False
1.5508370944051997,False,False,False,False
5.474472658911097,False,False,False,False
2.3738765246485842,False,False,False,False
2.8491333187929833,False,False,False,False
3.022806030006249,False,False,False,False
6.190956969104531,False,False,False,False
3.1072475886528093,False,False,False,False
1.5117585948546879,True,False,False,False
2.0217118735281634,False,False,False,False
2.149561522307779,False,False,False,False
2.3513671514912264,False,False,False,False
2.0057424833040365,False,True,False,False
1.961507100415094,False,False,False,False
1.0503129408808134,False,False,False,False
1.0512284833443049,False,False,False,False
3.9226756159869045,False,False,False,False
1.38207391161912,False,False,False,False
2.6316022234113134,False,False,False,False
3.406382742828762,False,False,False,False
1.1670092176330322,False,False,False,False
1.952165566845744,False,False,False,False
2.3625446057286257,False,False,False,False
9.510377508628915,False,False,False,False
1.5242663281837125,False,False,False,False
1.3741379614924991,False,False,False,False
1.9925997794023576,False,True,False,False
3.5065370927539674,False,False,False,False
1.4905045270903259,True,False,False,False
1.9956168796057387,False,True,False,False
62.81408853494346,False,False,False,False
1.4905581884460575,True,False,False,False
18.16733635841921,False,False,False,False
218.818161122537,False,False,False,False
5.5972080130773625,False,False,False,False
1.6604070982462396,False,False,False,False
1.5849421595195112,False,False,False,False
2.491266335049466,False,False,False,False
2.647356813322991,False,False,False,False
1.9308822605110636,False,False,False,False
3.1206458391491494,False,False,False,False
15.990955095832872,False,False,False,False
34.68054604344479,False,False,False,False
23.90192005836085,False,False,False,False
1.1326513113708672,False,False,False,False
1.8032067355479975,False,False,False,False
4.307298865947727,False,False,False,False
1.3391445656223757,False,False,True,False
2.0447948607985573,False,False,False,False
4.3779897555509395,False,False,False,False
3.959252826035637,False,False,False,False
1.0656874476660307,False,False,False,False
1.2694251010588466,False,False,False,False
1.302796617232564,False,False,False,False
3.851843667373698,False,False,False,False
65.8308219046434,False,False,False,False
6.644160938971108,False,False,False,False
1.772872701307374,False,False,False,False
1.4947097031737877,True,False,False,False
9.928685375380772,False,False,False,False
3.6121247902551574,False,False,False,False
10.350054453883283,False,False,False,False
6.0034928054422645,False,False,False,False
1.9495302505958425,False,False,False,False
156.66600502545356,False,False,False,False
1.5814623804633197,False,False,False,False
2.0615327107772403,False,False,False,False
1.9869252697692317,False,True,False,False
2.0271788850069252,False,False,False,False
4.427663371665794,False,False,False,False
9.282757170802817,False,False,False,False
1.0417972360314365,False,False,False,False
4.637262423461915,False,False,False,False
32.10063568735557,False,False,False,False
1.6098307159742313,False,False,False,True
2.480262079099624,False,False,False,False
68.98750743210778,False,False,False,False
1.4942721625300646,True,False,False,False
5.64581433376856,False,False,False,False
2.7321964877061946,False,False,False,False
1.7638109059523561,False,False,False,False
1.1320624762779927,False,False,False,False
1.4029241997007063,False,False,False,False
1.405534907421457,False,False,False,False
47.068834329539264,False,False,False,False
1.4944897941906319,True,False,False,False
1.8894348403289278,False,False,False,False
4.298242521271492,False,False,False,False
2.993936990325768,False,False,False,False
2.4797603238645394,False,False,False,False
2.168148982307227,False,False,False,False
1.1207633337288534,False,False,False,False
3.689546798833145,False,False,False,False
1.0141677205745232,False,False,False,False
1.135531428582614,False,False,False,False
1.1018200130665976,False,False,False,False
1.9876727718392104,False,True,False,False
1.4969717353977943,True,False,False,False
32.32993529032998,False,False,False,False
2.209364607968405,False,False,False,False
1.0614815846283416,False,False,False,False
1.48428640806776,True,False,False,False
4.174791802402223,False,False,False,False
1.503637120668818,True,False,False,False
1.4884998950705106,True,False,False,False
2.695355004435689,False,False,False,False
1.2716843876493151,False,False,False,False
63.687096040708376,False,False,False,False
1.0258827214789783,False,False,False,False
47.03550514313356,False,False,False,False
1.6149113239729471,False,False,False,True
2.5801727599114836,False,False,False,False
3.8480766238399315,False,False,False,False
2.173119155331905,False,False,False,False
2.069917555792002,False,False,False,False
14.184662193462081,False,False,False,False
1.5439188611070376,False,False,False,False
2.9267422550639215,False,False,False,False
2.217404070818205,False,False,False,False
1.110028327163827,False,False,False,False
4.2663009461890145,False,False,False,False
1.0858219885667615,False,False,False,False
1.3588624988624904,False,False,False,False
1.342811758729023,False,False,True,False
6.401147730805574,False,False,False,False
71.3820559839805,False,False,False,False
1.5002228312609749,True,False,False,False
7.161566649985229,False,False,False,False
1.448832632334858,False,False,False,False
6.704894960873151,False,False,False,False
1.0355452320135508,False,False,False,False
1.979401306581885,False,False,False,False
13.080578292818037,False,False,False,False
1.514107304204569,True,False,False,False
11.997674555839358,False,False,False,False
1.4650155991397957,False,False,False,False
8.057787185407557,False,False,False,False
1.5046881251226127,True,False,False,False
5.218587278471087,False,False,False,False
1.977722938007977,False,False,False,False
71.70117283389821,False,False,False,False
4.207281779223898,False,False,False,False
216.54352003042544,False,False,False,False
1.0118759919782565,False,False,False,False
15.877841823273448,False,False,False,False
1.0800122734024498,False,False,False,False
1.5136411901715359,True,False,False,False
16.028521362191704,False,False,False,False
1.3907215268181778,False,False,False,False
30.732429430876962,False,False,False,False
1.0034779170697723,False,False,False,False
3.4788507441341157,False,False,False,False
1.5077634051533597,True,False,False,False
3.443761971497347,False,False,False,False
2.026666691608124,False,False,False,False
4.502197183420942,False,False,False,False
9.034173697684388,False,False,False,False
1.9874423357111641,False,True,False,False
11.302833860909754,False,False,False,False
1.3733104089682369,False,False,False,False
20.099811169744846,False,False,False,False
1.0943844599188346,False,False,False,False
1.3356320663687524,False,False,True,False
39.711946643397944,False,False,False,False
1.51652094342883,True,False,False,False
1.0121521862895406,False,False,False,False
1.2144081036892682,False,False,False,False
1.565097513892279,False,False,False,False
3.850275329426423,False,False,False,False
1.3226600327067024,False,False,True,False
13.199796596559423,False,False,False,False
1.2564044868349284,False,False,False,False
1.8026311118657556,False,False,False,False
4.833957280145023,False,False,False,False
25.54033317025709,False,False,False,False
2.517545271423473,False,False,False,False
1.5337007420919886,False,False,False,False
6.41381295902393,False,False,False,False
4.998330368435832,False,False,False,False
1.9861922674772265,False,True,False,False
5.809991658249603,False,False,False,False
1.4944047966300833,True,False,False,False
4.778729004567063,False,False,False,False
11.388487808434064,False,False,False,False
1.3515379470766238,False,False,True,False
2.2786861737192465,False,False,False,False
2.1541244076689803,False,False,False,False
1.8895121482055313,False,False,False,False
1.607865914147037,False,False,False,True
3.109296056150214,False,False,False,False
4.853368310948777,False,False,False,False
8.629299104897306,False,False,False,False
1.6305845459937482,False,False,False,True
34.17633330059125,False,False,False,False
4.178634813240708,False,False,False,False
1.9716475213163047,False,False,False,False
5.28241187195449,False,False,False,False
1.0653191994545859,False,False,False,False
1.4963843740599845,True,False,False,False
11.093084148464849,False,False,False,False
2.9376903785522375,False,False,False,False
2.2774671195495153,False,False,False,False
1.544990573246956,False,False,False,False
6.212781333448538,False,False,False,False
2.017169022333133,False,True,False,False
4.851187985747812,False,False,False,False
170.67217133671227,False,False,False,False
14.301598918087622,False,False,False,False
1.8532232804137565,False,False,False,False
1.5011604546961679,True,False,False,False
1.4046981605055637,False,False,False,False
10.018874147273827,False,False,False,False
2.4790136098923057,False,False,False,False
1.1445451106685545,False,False,False,False
1.2935982852208059,False,False,False,False
1.2903975824225598,False,False,False,False
1.4959352784138646,True,False,False,False
174.27984067779965,False,False,False,False
1.555002143991615,False,False,False,False
1.6221293506605423,False,False,False,True
1.1284318835659615,False,False,False,False
1.2819846608432106,False,False,False,False
1.0370753966822606,False,False,False,False
1.5121638489893234,True,False,False,False
1.2585888403842254,False,False,False,False
16.682843726899694,False,False,False,False
1.4868642356975388,True,False,False,False
1.505377778808396,True,False,False,False
1.1006497546964773,False,False,False,False
14.674870027619939,False,False,False,False
1.5122805129451695,True,False,False,False
13.37011960091432,False,False,False,False
1.1046595920977107,False,False,False,False
3.7377169953574114,False,False,False,False
2.0804799982396243,False,False,False,False
1.5128491886860826,True,False,False,False
3.619948112223207,False,False,False,False
11.516021242178713,False,False,False,False
1.0302359541218507,False,False,False,False
1.1617464808808415,False,False,False,False
2.019335209252179,False,True,False,False
2.018212127732369,False,True,False,False
12.323801287261745,False,False,False,False
11.360567174690232,False,False,False,False
9.735542594074108,False,False,False,False
1.8696860161434565,False,False,False,False
1.0329113453559255,False,False,False,False
1.3614441415188743,False,False,False,False
1.5126066353117236,True,False,False,False
1.2939355532880725,False,False,False,False
2.0031489584992155,False,True,False,False
48.34231961394026,False,False,False,False
2.3407918189981523,False,False,False,False
1.2666236899728036,False,False,False,False
1.5397412222339888,False,False,False,False
6.667799018688792,False,False,False,False
25.803488208040243,False,False,False,False
2.00940347350397,False,True,False,False
1.5032973115311166,True,False,False,False
2.767829213714778,False,False,False,False
3.2712571605389833,False,False,False,False
5.735060218169493,False,False,False,False
1.469584625529581,False,False,False,False
3.5724031173438338,False,False,False,False
1.4975977271357723,True,False,False,False
4.843620150581851,False,False,False,False
1.6679309741356068,False,False,False,False
1.0284315410311917,False,False,False,False
13.928545687677271,False,False,False,False
1.991025668626698,False,True,False,False
1.1704386023495956,False,False,False,False
1.4616380079899243,False,False,False,False
2.8391900338489418,False,False,False,False
3.503546177405106,False,False,False,False
5.34755581285465,False,False,False,False
23.910448488438618,False,False,False,False
28.2331850591372,False,False,False,False
6.553862489827117,False,False,False,False
1.2041461019319533,False,False,False,False
1.5210886330994653,False,False,False,False
1.0245681347463875,False,False,False,False
7.381854776923079,False,False,False,False
3.3213397805220035,False,False,False,False
21.159768669856497,False,False,False,False
3.0740869679045733,False,False,False,False
1.0643106407843352,False,False,False,False
2.180962574363466,False,False,False,False
1.035055863965266,False,False,False,False
2.9241567501870716,False,False,False,False
1.2710520352923131,False,False,False,False
5.776412018625468,False,False,False,False
1.2737100834819266,False,False,False,False
3.157882235445874,False,False,False,False
1.4651778032357772,False,False,False,False
1.982472305331094,False,True,False,False
2.4059318168538577,False,False,False,False
1.2748560002446556,False,False,False,False
1.5872372284896883,False,False,False,False
1.958032932116405,False,False,False,False
2.527913589115596,False,False,False,False
4.5422188701392265,False,False,False,False
1.9583177412100283,False,False,False,False
38.61132681613695,False,False,False,False
1.4939700527295825,True,False,False,False
3.6145771632454418,False,False,False,False
1.5133730960951584,True,False,False,False
25.25868365782479,False,False,False,False
1.524169010160363,False,False,False,False
61.36198837061903,False,False,False,False
18.13683381201716,False,False,False,False
2.0128095959040166,False,True,False,False
1.006029105945891,False,False,False,False
10.571688708855444,False,False,False,False
1.4770461722036867,False,False,False,False
1.749492012871172,False,False,False,False
2.162915099238203,False,False,False,False
4.923444355977569,False,False,False,False
1.1157746927450394,False,False,False,False
2.5847890066753147,False,False,False,False
1.6261608888283388,False,False,False,True
3.0055087767069764,False,False,False,False
4.792444320059401,False,False,False,False
2.201112121820682,False,False,False,False
1.694628525346363,False,False,False,False
2.0550231049940946,False,False,False,False
2.0038142993343357,False,True,False,False
2.6663440334025084,False,False,False,False
1.6385415953374995,False,False,False,False
1.6838711658945738,False,False,False,False
1.0739799617647854,False,False,False,False
1.4562021243694545,False,False,False,False
4.437769308759954,False,False,False,False
1.5136046184579461,True,False,False,False
1.014362614885056,False,False,False,False
2.3855065192741636,False,False,False,False
1.4716713274360762,False,False,False,False
2.5464205124283836,False,False,False,False
10.623379024171246,False,False,False,False
5.388915444473436,False,False,False,False
9.26483811156821,False,False,False,False
2.0003743394886784,False,True,False,False
35.21024841562432,False,False,False,False
2.663512841934231,False,False,False,False
1.3241479298858714,False,False,True,False
1.486835031753323,True,False,False,False
1.5669063031214727,False,False,False,False
1.011834118910223,False,False,False,False
14.199696642333485,False,False,False,False
9.003452734580177,False,False,False,False
1.530608483091283,False,False,False,False
1.9697105938163844,False,False,False,False
1.9949654159959924,False,True,False,False
1.1119808548011483,False,False,False,False
1.4437460757656007,False,False,False,False
3.0536631663818654,False,False,False,False
1.0542490667330968,False,False,False,False
7.42105517000341,False,False,False,False
1.3383894232446771,False,False,True,False
1.9237076695649296,False,False,False,False
5.050693402237923,False,False,False,False
39.23314289167699,False,False,False,False
1.525019089484537,False,False,False,False
27.525539355347043,False,False,False,False
1.0836172629205953,False,False,False,False
1.9858621486402532,False,True,False,False
2.021412211199584,False,False,False,False
3.5767640396702634,False,False,False,False
1.4943372220651248,True,False,False,False
1.2545313912743516,False,False,False,False
1.4821012529291728,True,False,False,False
3.3486076076910147,False,False,False,False
1.0429871833497673,False,False,False,False
1.9963516372892092,False,True,False,False
23.857510813810812,False,False,False,False
3.5263596443647707,False,False,False,False
7.787856176821766,False,False,False,False
1.6693770092966143,False,False,False,False
11.891079263285905,False,False,False,False
2.0242594545845236,False,False,False,False
1.6983451325053862,False,False,False,False
1.6808526405147777,False,False,False,False
1.2050358924541469,False,False,False,False
3.3120398829588606,False,False,False,False
3.968902505194268,False,False,False,False
1.4736573616010682,False,False,False,False
30.968516018814228,False,False,False,False
1.0268544842404068,False,False,False,False
43.01446823851509,False,False,False,False
1.0013397713974943,False,False,False,False
5.390620625600528,False,False,False,False
1.821403019119399,False,False,False,False
2.000485888938624,False,True,False,False
1.4767004598183493,False,False,False,False
1.6414471086770976,False,False,False,False
11.314588250620883,False,False,False,False
1.7624539047982895,False,False,False,False
13.76609950120802,False,False,False,False
1.0669760074139443,False,False,False,False
1.9830629806774926,False,True,False,False
1.2775698897600456,False,False,False,False
1.6010997616827645,False,False,False,True
8.270828849112348,False,False,False,False
1.6708776500064757,False,False,False,False
1.5573680611133354,False,False,False,False
3.396521881381337,False,False,False,False
1.3623498124096916,False,False,False,False
1.013524877051485,False,False,False,False
1.5108721585496026,True,False,False,False
1.5057597518985466,True,False,False,False
2.0266437822152157,False,False,False,False
6.822205751600078,False,False,False,False
1.0056009729865594,False,False,False,False
1.5065572228150155,True,False,False,False
2.0037912771286925,False,True,False,False
6.351039042785727,False,False,False,False
1.536345231930685,False,False,False,False
13.206286996988705,False,False,False,False
2.119011099315317,False,False,False,False
1.5039101830031492,True,False,False,False
2.503016077346025,False,False,False,False
1.1757701617444054,False,False,False,False
1.2296397691175238,False,False,False,False
3.6277797173505415,False,False,False,False
1.4925163944801962,True,False,False,False
64.34761739148287,False,False,False,False
1.3788906375745318,False,False,False,False
1.3960068749587975,False,False,False,False
1.0339913072571074,False,False,False,False
4.343446698568546,False,False,False,False
1.4587008522483054,False,False,False,False
2.03163397936243,False,False,False,False
59.338823370398224,False,False,False,False
1.984676150574731,False,True,False,False
2.809144007638215,False,False,False,False
1.5137886314103026,True,False,False,False
4.028965603055173,False,False,False,False
5.448785374038434,False,False,False,False
1.493514125663655,True,False,False,False
2.1357930783669627,False,False,False,False
8.139914764424628,False,False,False,False
1.5136968547466314,True,False,False,False
209.09708266989145,False,False,False,False
1.557324649908009,False,False,False,False
1.5168856645619484,True,False,False,False
1.9878529113357557,False,True,False,False
1.3765687439736736,False,False,False,False
9.77944222144125,False,False,False,False
1.2613830952242655,False,False,False,False
2.2622881751874955,False,False,False,False
1.538706406731968,False,False,False,False
1.9054918247776473,False,False,False,False
3.1862993613532904,False,False,False,False
3.3290502672596607,False,False,False,False
1.0573543478193057,False,False,False,False
1.9931223561037468,False,True,False,False
2.5809433160315223,False,False,False,False
1.5270300580691225,False,False,False,False
1.9798938795303707,False,False,False,False
2.2813226006837968,False,False,False,False
2.5781298973612956,False,False,False,False
4.307576591604078,False,False,False,False
1.3760489271977092,False,False,False,False
3.130508473863123,False,False,False,False
4.4364939755759645,False,False,False,False
8.468700381032912,False,False,False,False
2.1275983686377207,False,False,False,False
25.901939371902188,False,False,False,False
1.0811902624264995,False,False,False,False
18.869043311073376,False,False,False,False
2.555528115533937,False,False,False,False
7.784610242597192,False,False,False,False
4.373616241372335,False,False,False,False
59.80330625631186,False,False,False,False
1.60841652547198,False,False,False,True
1.0721868644337524,False,False,False,False
2.0067739673767835,False,True,False,False
59.38197960194678,False,False,False,False
1.981432566603556,False,True,False,False
1.4977374389496851,True,False,False,False
1.9740156727310836,False,False,False,False
1.6791747049952481,False,False,False,False
30.93493759767769,False,False,False,False
2.281879215362613,False,False,False,False
2.3326991938767527,False,False,False,False
2.608788737257359,False,False,False,False
1.379635311630196,False,False,False,False
4.473920369377744,False,False,False,False
63.09500254047673,False,False,False,False
1.494467282616771,True,False,False,False
72.52658284824419,False,False,False,False
2.0200875326952628,False,False,False,False
8.701228804815177,False,False,False,False
1.4661463676897812,False,False,False,False
3.3540907566031617,False,False,False,False
17.660512728003525,False,False,False,False
1.7163641956005433,False,False,False,False
1.5015151868639676,True,False,False,False
3.6342031835175455,False,False,False,False
1.5460915139000717,False,False,False,False
3.572112274250462,False,False,False,False
1.0827381988004283,False,False,False,False
1.4924531584610439,True,False,False,False
6.681412524430361,False,False,False,False
1.9876962464856878,False,True,False,False
1.8008224805209438,False,False,False,False
1.6333576546979458,False,False,False,True
9.16583129864488,False,False,False,False
19.55121946873275,False,False,False,False
1.4991562059907892,True,False,False,False
50.97743963255963,False,False,False,False
3.4319637558109997,False,False,False,False
1.5243638942350852,False,False,False,False
2.494477986390552,False,False,False,False
1.2290329742321047,False,False,False,False
4.788087009778712,False,False,False,False
1.858450479062181,False,False,False,False
1.0626117671899369,False,False,False,False
14.403692826810538,False,False,False,False
25.75629584821719,False,False,False,False
1.0798539743252198,False,False,False,False
1.7900773784570614,False,False,False,False
2.0529628797150696,False,False,False,False
3.0304454729167762,False,False,False,False
1.283533065452715,False,False,False,False
2.1182945135267404,False,False,False,False
1.475330048321102,False,False,False,False
1.4906008392931671,True,False,False,False
2.8972956515459694,False,False,False,False
12.057286534692066,False,False,False,False
1.5441203561771548,False,False,False,False
1.4391803879359737,False,False,False,False
1.7362963114557508,False,False,False,False
8.794528075125331,False,False,False,False
2.1391345724437056,False,False,False,False
8.950616824591572,False,False,False,False
1.9848059376503944,False,True,False,False
3.105369183381764,False,False,False,False
1.5293063657080872,False,False,False,False
8.575392422231703,False,False,False,False
1.4966255564360547,True,False,False,False
1.0041315413966045,False,False,False,False
2.2461664053510932,False,False,False,False
4.227298101693017,False,False,False,False
14.912695514207961,False,False,False,False
1.992478103397274,False,True,False,False
1.0163656339338938,False,False,False,False
11.727167960335866,False,False,False,False
1.4923436562077406,True,False,False,False
1.9975254210745033,False,True,False,False
1.7284906027255833,False,False,False,False
21.254973010079237,False,False,False,False
3.9531993481436367,False,False,False,False
14.804290343711584,False,False,False,False
1.599037482486637,False,False,False,True
1.2589263264264046,False,False,False,False
1.2972630562025151,False,False,False,False
1.148498679016808,False,False,False,False
1.2749330265661971,False,False,False,False
1.5742770978808103,False,False,False,False
1.0875049342529879,False,False,False,False
1.9923980287297935,False,True,False,False
2.945915925600134,False,False,False,False
19.428161188888453,False,False,False,False
1.9909610125617625,False,True,False,False
1.4990907004774199,True,False,False,False
4.888192020697682,False,False,False,False
1.5482843462447746,False,False,False,False
1.535193943846686,False,False,False,False
18.101602748859303,False,False,False,False
38.90827380079895,False,False,False,False
1.1930143605618009,False,False,False,False
1.4518342561785695,False,False,False,False
2.029594158912749,False,False,False,False
1.4547204381328838,False,False,False,False
3.8294014404029926,False,False,False,False
1.341606160896353,False,False,True,False
1.1237763199940418,False,False,False,False
1.551704763428555,False,False,False,False
1.9831011712281303,False,True,False,False
9.546554979575538,False,False,False,False
4.152406074118918,False,False,False,False
3.9687948686726564,False,False,False,False
4.75589720928268,False,False,False,False
1.497993807180149,True,False,False,False
4.710750474308832,False,False,False,False
1.8054444956657976,False,False,False,False
2.0201600800858652,False,False,False,False
1.2157592463499214,False,False,False,False
1.473344452050407,False,False,False,False
1.487636916270727,True,False,False,False
1.3942840488505208,False,False,False,False
1.9932620402407546,False,True,False,False
1.2419595667270307,False,False,False,False
2.1511100580811684,False,False,False,False
5.699964745707468,False,False,False,False
2.010869129219082,False,True,False,False
1.2435966540398955,False,False,False,False
11.389100972347972,False,False,False,False
1.0884571684436333,False,False,False,False
1.5838516631517547,False,False,False,False
1.5031252029538567,True,False,False,False
7.260357123435674,False,False,False,False
11.781540582860993,False,False,False,False
8.897521784684017,False,False,False,False
2.6584744434536884,False,False,False,False
3.406557507379199,False,False,False,False
10.063494557407223,False,False,False,False
2.2766991126030494,False,False,False,False
1.491668847403236,True,False,False,False
2.97028914468289,False,False,False,False
3.789157457719138,False,False,False,False
3.1126570578879416,False,False,False,False
5.880963331076991,False,False,False,False
5.871328413465287,False,False,False,False
1.0843824097191115,False,False,False,False
4.82708190200415,False,False,False,False
3.8675110162688093,False,False,False,False
1.4746179989059385,False,False,False,False
7.1491576659285805,False,False,False,False
4.038033835260686,False,False,False,False
7.709908035222574,False,False,False,False
1.152055399238173,False,False,False,False
1.5161823213648384,True,False,False,False
1.0982922295160527,False,False,False,False
2.9733780524898186,False,False,False,False
6.5923847153232735,False,False,False,False
2.001307011921955,False,True,False,False
1.6861546987733596,False,False,False,False
5.102666843451507,False,False,False,False
3.7694626118250367,False,False,False,False
1.8480623260273201,False,False,False,False
1.5693234987973532,False,False,False,False
1.289507563409763,False,False,False,False
1.6598243092892992,False,False,False,False
2.2073239832680387,False,False,False,False
46.23966055600975,False,False,False,False
3.87893978425858,False,False,False,False
19.97362817455411,False,False,False,False
1.5963345901441781,False,False,False,False
2.1021618606181933,False,False,False,False
1.9663684580046512,False,False,False,False
2.4250489374759634,False,False,False,False
1.5552377736537264,False,False,False,False
1.5254378484387732,False,False,False,False
12.868405048390617,False,False,False,False
2.0041103280580312,False,True,False,False
1.4846838003988259,True,False,False,False
9.82240317080067,False,False,False,False
16.808509143654415,False,False,False,False
1.524129025772524,False,False,False,False
1.0889683695005907,False,False,False,False
2.317750504752028,False,False,False,False
21.264298075011812,False,False,False,False
1.7670037960850533,False,False,False,False
1.9931424227688488,False,True,False,False
5.284830183446373,False,False,False,False
1.4968016795432912,True,False,False,False
4.62990601178758,False,False,False,False
1.51209184689405,True,False,False,False
7.7934052213209295,False,False,False,False
1.9894858678057006,False,True,False,False
2.692146919101809,False,False,False,False
1.96557860779067,False,False,False,False
5.710295180315868,False,False,False,False
2.8908528846859185,False,False,False,False
1.4932152606548075,True,False,False,False
1.623315781895752,False,False,False,True
11.729613020940434,False,False,False,False
2.574955827805524,False,False,False,False
3.272319270324961,False,False,False,False
1.9945817030768291,False,True,False,False
4.472212604546649,False,False,False,False
24.737033153245346,False,False,False,False
1.0332803406608821,False,False,False,False
1.5473530538946403,False,False,False,False
38.763189737589826,False,False,False,False
1.0975421239801735,False,False,False,False
3.8184364414915204,False,False,False,False
1.4942641152852345,True,False,False,False
10.25258087555236,False,False,False,False
1.3330220638169785,False,False,True,False
1.3622135399238753,False,False,False,False
1.0863701969622943,False,False,False,False
1.1536040536506522,False,False,False,False
3.640838512788021,False,False,False,False
1.4147002852700126,False,False,False,False
2.0321309477257667,False,False,False,False
8.149422567727283,False,False,False,False
1.398364120585331,False,False,False,False
1.1613350250225463,False,False,False,False
1.087582266665623,False,False,False,False
1.0980862621535428,False,False,False,False
1.9850935303258581,False,True,False,False
3.011705705446546,False,False,False,False
1.9147383947693815,False,False,False,False
1.5524409850799876,False,False,False,False
4.25911654799679,False,False,False,False
1.4882181955493723,True,False,False,False
18.881744250046527,False,False,False,False
1.2181024924766441,False,False,False,False
462.8658260234097,False,False,False,False
11.535129844089209,False,False,False,False
1.9658296299353857,False,False,False,False
11.520187445170773,False,False,False,False
1.00174843616394,False,False,False,False
1.4700437308691914,False,False,False,False
1.4877588754707316,True,False,False,False
7.98896161077451,False,False,False,False
9.100034766963791,False,False,False,False
2.0169840461852444,False,True,False,False
3.3981848592933783,False,False,False,False
1.3757699210405272,False,False,False,False
6.570893435017974,False,False,False,False
3.361755437058885,False,False,False,False
1.9319349085736455,False,False,False,False
27.54542971830583,False,False,False,False
1.4789503984600718,False,False,False,False
1.6654979563236627,False,False,False,False
1.6249768679036916,False,False,False,True
1.1023755147359056,False,False,False,False
2.9552154007139113,False,False,False,False
1.8284510131794804,False,False,False,False
28.240419540869542,False,False,False,False
1.6169289771413065,False,False,False,True
1.7105800389513546,False,False,False,False
2.1715007906512156,False,False,False,False
4.985895089443448,False,False,False,False
4.357131096096369,False,False,False,False
1.2598839655278555,False,False,False,False
1.532496780893097,False,False,False,False
5.0481142587632855,False,False,False,False
1.0654660891713346,False,False,False,False
1.440872115293253,False,False,False,False
2.4310450768040215,False,False,False,False
3.769381844014038,False,False,False,False
2.6351722106338356,False,False,False,False
1.5076616431408965,True,False,False,False
2.1791061920944323,False,False,False,False
1.3111839097511344,False,False,False,False
7.616376200464418,False,False,False,False
5.635785189504809,False,False,False,False
5.3654787413908736,False,False,False,False
2.021077831045918,False,False,False,False
1.3248568875888684,False,False,True,False
2.350570973543733,False,False,False,False
1.4838965649651426,True,False,False,False
3.594886350565774,False,False,False,False
11.765096750206705,False,False,False,False
3.0916962785840414,False,False,False,False
2.007588107952102,False,True,False,False
2.0360502371814952,False,False,False,False
4.527215740443887,False,False,False,False
1.5018605923918684,True,False,False,False
19.638446981167018,False,False,False,False
1.502289193376311,True,False,False,False
2.4502131072243136,False,False,False,False
1.4888735927071748,True,False,False,False
1.820423653864548,False,False,False,False
2.2252825548360544,False,False,False,False
5.684818690327015,False,False,False,False
1.0748923921905431,False,False,False,False
12.349043542151236,False,False,False,False
7.718967943196752,False,False,False,False
1.3670044240008743,False,False,False,False
1.1095699148107965,False,False,False,False
2.0924192718710493,False,False,False,False
1.992205662196132,False,True,False,False
7.227881118401141,False,False,False,False
1.3986352262740522,False,False,False,False
2.0936521522806615,False,False,False,False
1.573124681967847,False,False,False,False
1.9949179309192888,False,True,False,False
8.258906281405237,False,False,False,False
1.0722684212926559,False,False,False,False
1.784127108473017,False,False,False,False
2.349873758552945,False,False,False,False
1.3883998911035504,False,False,False,False
1.473682878522914,False,False,False,False
2.8127393107948686,False,False,False,False
133.11915280759996,False,False,False,False
3.206523146418083,False,False,False,False
1.975478588143674,False,False,False,False
1.942056972094663,False,False,False,False
1.1790152194297276,False,False,False,False
1.7837649386439196,False,False,False,False
2.1351754858640963,False,False,False,False
1.425864413662936,False,False,False,False
5.600810138745986,False,False,False,False
1.5033641802936812,True,False,False,False
1.645914484996525,False,False,False,False
2.2650793616952107,False,False,False,False
2.0051782549508554,False,True,False,False
1.9919971831642835,False,True,False,False
1.1802062888993958,False,False,False,False
2.7619566454298154,False,False,False,False
1.6177432605386441,False,False,False,True
1.1527117454752702,False,False,False,False
2.5540041406941794,False,False,False,False
10.556635437527792,False,False,False,False
11.281998832553422,False,False,False,False
2.2524133776617505,False,False,False,False
2.1564249717763193,False,False,False,False
1.5897541814427982,False,False,False,False
1.4335362069879625,False,False,False,False
4.653729858445781,False,False,False,False
1.584270230743305,False,False,False,False
2.5797637616668045,False,False,False,False
1.0058960805666133,False,False,False,False
11.069293818803454,False,False,False,False
3.8744560531496592,False,False,False,False
2.001480587046825,False,True,False,False
1.9704284266465404,False,False,False,False
4.034774870060179,False,False,False,False
2.01445653789971,False,True,False,False
2.042246994189715,False,False,False,False
11.097537189976885,False,False,False,False
1.3887833727573877,False,False,False,False
1.5251869425614888,False,False,False,False
1.9819829018713364,False,True,False,False
3.553538155449496,False,False,False,False
1.4607745631513578,False,False,False,False
1.0079121230630321,False,False,False,False
1.1266121315532338,False,False,False,False
1.5858750008208022,False,False,False,False
28.699016609748014,False,False,False,False
